-- Delete existing Bandon Trails and Sheep Ranch data (keep the new IDs)
DELETE FROM public.holes WHERE course_id IN (
  '1509f42b-a8a7-4678-908c-545f0ff3a210',
  '3bf84dc6-0563-4cbb-8533-fc1a52bd1d65'
);

DELETE FROM public.course_tees WHERE course_id IN (
  '1509f42b-a8a7-4678-908c-545f0ff3a210',
  '3bf84dc6-0563-4cbb-8533-fc1a52bd1d65'
);

DELETE FROM public.courses WHERE id IN (
  '1509f42b-a8a7-4678-908c-545f0ff3a210',
  '3bf84dc6-0563-4cbb-8533-fc1a52bd1d65'
);

-- Now insert the complete data for Bandon Trails
INSERT INTO public.courses (id, name, location, holes, par, latitude, longitude)
VALUES (
  '11111111-1111-1111-1111-111111111111',
  'Bandon Trails',
  'Bandon Dunes Golf Resort, OR',
  18,
  71,
  43.1347,
  -124.4058
)
ON CONFLICT (id) DO UPDATE SET
  name = EXCLUDED.name,
  location = EXCLUDED.location,
  holes = EXCLUDED.holes,
  par = EXCLUDED.par,
  latitude = EXCLUDED.latitude,
  longitude = EXCLUDED.longitude;

-- Insert Sheep Ranch course
INSERT INTO public.courses (id, name, location, holes, par, latitude, longitude)
VALUES (
  '22222222-2222-2222-2222-222222222222',
  'Sheep Ranch',
  'Bandon Dunes Golf Resort, OR',
  18,
  72,
  43.1347,
  -124.4058
)
ON CONFLICT (id) DO UPDATE SET
  name = EXCLUDED.name,
  location = EXCLUDED.location,
  holes = EXCLUDED.holes,
  par = EXCLUDED.par,
  latitude = EXCLUDED.latitude,
  longitude = EXCLUDED.longitude;

-- Delete any existing tees and holes for these courses to start fresh
DELETE FROM public.hole_tees WHERE tee_id IN (
  SELECT id FROM public.course_tees WHERE course_id IN (
    '11111111-1111-1111-1111-111111111111',
    '22222222-2222-2222-2222-222222222222'
  )
);

DELETE FROM public.holes WHERE course_id IN (
  '11111111-1111-1111-1111-111111111111',
  '22222222-2222-2222-2222-222222222222'
);

DELETE FROM public.course_tees WHERE course_id IN (
  '11111111-1111-1111-1111-111111111111',
  '22222222-2222-2222-2222-222222222222'
);

-- Insert tee boxes for Bandon Trails
INSERT INTO public.course_tees (id, course_id, tee_name, tee_color, rating, slope, total_yardage)
VALUES 
  ('11111111-1111-1111-1111-111111111112', '11111111-1111-1111-1111-111111111111', 'Black', 'Black', 73.5, 145, 6720),
  ('11111111-1111-1111-1111-111111111113', '11111111-1111-1111-1111-111111111111', 'Green', 'Green', 71.8, 140, 6542),
  ('11111111-1111-1111-1111-111111111114', '11111111-1111-1111-1111-111111111111', 'Gold', 'Gold', 70.2, 135, 6380);

-- Insert tee boxes for Sheep Ranch
INSERT INTO public.course_tees (id, course_id, tee_name, tee_color, rating, slope, total_yardage)
VALUES 
  ('22222222-2222-2222-2222-222222222223', '22222222-2222-2222-2222-222222222222', 'Black', 'Black', 74.2, 148, 6860),
  ('22222222-2222-2222-2222-222222222224', '22222222-2222-2222-2222-222222222222', 'Green', 'Green', 72.5, 143, 6596),
  ('22222222-2222-2222-2222-222222222225', '22222222-2222-2222-2222-222222222222', 'Gold', 'Gold', 70.8, 138, 6315);

-- Insert holes for Bandon Trails
INSERT INTO public.holes (course_id, hole_number, par, handicap, tee_id) VALUES
  ('11111111-1111-1111-1111-111111111111', 1, 4, 11, '11111111-1111-1111-1111-111111111112'),
  ('11111111-1111-1111-1111-111111111111', 2, 4, 1, '11111111-1111-1111-1111-111111111112'),
  ('11111111-1111-1111-1111-111111111111', 3, 4, 5, '11111111-1111-1111-1111-111111111112'),
  ('11111111-1111-1111-1111-111111111111', 4, 4, 17, '11111111-1111-1111-1111-111111111112'),
  ('11111111-1111-1111-1111-111111111111', 5, 3, 15, '11111111-1111-1111-1111-111111111112'),
  ('11111111-1111-1111-1111-111111111111', 6, 4, 7, '11111111-1111-1111-1111-111111111112'),
  ('11111111-1111-1111-1111-111111111111', 7, 4, 3, '11111111-1111-1111-1111-111111111112'),
  ('11111111-1111-1111-1111-111111111111', 8, 5, 9, '11111111-1111-1111-1111-111111111112'),
  ('11111111-1111-1111-1111-111111111111', 9, 4, 13, '11111111-1111-1111-1111-111111111112'),
  ('11111111-1111-1111-1111-111111111111', 10, 4, 16, '11111111-1111-1111-1111-111111111112'),
  ('11111111-1111-1111-1111-111111111111', 11, 4, 10, '11111111-1111-1111-1111-111111111112'),
  ('11111111-1111-1111-1111-111111111111', 12, 3, 18, '11111111-1111-1111-1111-111111111112'),
  ('11111111-1111-1111-1111-111111111111', 13, 3, 14, '11111111-1111-1111-1111-111111111112'),
  ('11111111-1111-1111-1111-111111111111', 14, 5, 2, '11111111-1111-1111-1111-111111111112'),
  ('11111111-1111-1111-1111-111111111111', 15, 3, 12, '11111111-1111-1111-1111-111111111112'),
  ('11111111-1111-1111-1111-111111111111', 16, 4, 6, '11111111-1111-1111-1111-111111111112'),
  ('11111111-1111-1111-1111-111111111111', 17, 4, 8, '11111111-1111-1111-1111-111111111112'),
  ('11111111-1111-1111-1111-111111111111', 18, 5, 4, '11111111-1111-1111-1111-111111111112');

-- Insert holes for Sheep Ranch
INSERT INTO public.holes (course_id, hole_number, par, handicap, tee_id) VALUES
  ('22222222-2222-2222-2222-222222222222', 1, 5, 3, '22222222-2222-2222-2222-222222222223'),
  ('22222222-2222-2222-2222-222222222222', 2, 3, 17, '22222222-2222-2222-2222-222222222223'),
  ('22222222-2222-2222-2222-222222222222', 3, 4, 1, '22222222-2222-2222-2222-222222222223'),
  ('22222222-2222-2222-2222-222222222222', 4, 4, 7, '22222222-2222-2222-2222-222222222223'),
  ('22222222-2222-2222-2222-222222222222', 5, 4, 9, '22222222-2222-2222-2222-222222222223'),
  ('22222222-2222-2222-2222-222222222222', 6, 3, 15, '22222222-2222-2222-2222-222222222223'),
  ('22222222-2222-2222-2222-222222222222', 7, 4, 5, '22222222-2222-2222-2222-222222222223'),
  ('22222222-2222-2222-2222-222222222222', 8, 4, 13, '22222222-2222-2222-2222-222222222223'),
  ('22222222-2222-2222-2222-222222222222', 9, 5, 11, '22222222-2222-2222-2222-222222222223'),
  ('22222222-2222-2222-2222-222222222222', 10, 4, 2, '22222222-2222-2222-2222-222222222223'),
  ('22222222-2222-2222-2222-222222222222', 11, 4, 6, '22222222-2222-2222-2222-222222222223'),
  ('22222222-2222-2222-2222-222222222222', 12, 4, 14, '22222222-2222-2222-2222-222222222223'),
  ('22222222-2222-2222-2222-222222222222', 13, 5, 4, '22222222-2222-2222-2222-222222222223'),
  ('22222222-2222-2222-2222-222222222222', 14, 3, 18, '22222222-2222-2222-2222-222222222223'),
  ('22222222-2222-2222-2222-222222222222', 15, 4, 10, '22222222-2222-2222-2222-222222222223'),
  ('22222222-2222-2222-2222-222222222222', 16, 4, 8, '22222222-2222-2222-2222-222222222223'),
  ('22222222-2222-2222-2222-222222222222', 17, 3, 16, '22222222-2222-2222-2222-222222222223'),
  ('22222222-2222-2222-2222-222222222222', 18, 5, 12, '22222222-2222-2222-2222-222222222223');

-- Insert hole_tees for Bandon Trails (all tee boxes for each hole)
INSERT INTO public.hole_tees (hole_id, tee_id, yardage)
SELECT h.id, '11111111-1111-1111-1111-111111111112', 
  CASE h.hole_number 
    WHEN 1 THEN 372 WHEN 2 THEN 428 WHEN 3 THEN 455 WHEN 4 THEN 315 WHEN 5 THEN 190
    WHEN 6 THEN 435 WHEN 7 THEN 420 WHEN 8 THEN 555 WHEN 9 THEN 395 WHEN 10 THEN 326
    WHEN 11 THEN 382 WHEN 12 THEN 192 WHEN 13 THEN 208 WHEN 14 THEN 547 WHEN 15 THEN 128
    WHEN 16 THEN 417 WHEN 17 THEN 425 WHEN 18 THEN 530
  END
FROM public.holes h
WHERE h.course_id = '11111111-1111-1111-1111-111111111111';

INSERT INTO public.hole_tees (hole_id, tee_id, yardage)
SELECT h.id, '11111111-1111-1111-1111-111111111113', 
  CASE h.hole_number 
    WHEN 1 THEN 364 WHEN 2 THEN 420 WHEN 3 THEN 446 WHEN 4 THEN 302 WHEN 5 THEN 180
    WHEN 6 THEN 413 WHEN 7 THEN 410 WHEN 8 THEN 520 WHEN 9 THEN 378 WHEN 10 THEN 312
    WHEN 11 THEN 359 WHEN 12 THEN 176 WHEN 13 THEN 194 WHEN 14 THEN 532 WHEN 15 THEN 117
    WHEN 16 THEN 388 WHEN 17 THEN 400 WHEN 18 THEN 505
  END
FROM public.holes h
WHERE h.course_id = '11111111-1111-1111-1111-111111111111';

INSERT INTO public.hole_tees (hole_id, tee_id, yardage)
SELECT h.id, '11111111-1111-1111-1111-111111111114', 
  CASE h.hole_number 
    WHEN 1 THEN 356 WHEN 2 THEN 413 WHEN 3 THEN 436 WHEN 4 THEN 288 WHEN 5 THEN 172
    WHEN 6 THEN 390 WHEN 7 THEN 400 WHEN 8 THEN 505 WHEN 9 THEN 360 WHEN 10 THEN 299
    WHEN 11 THEN 351 WHEN 12 THEN 159 WHEN 13 THEN 177 WHEN 14 THEN 518 WHEN 15 THEN 110
    WHEN 16 THEN 379 WHEN 17 THEN 390 WHEN 18 THEN 490
  END
FROM public.holes h
WHERE h.course_id = '11111111-1111-1111-1111-111111111111';

-- Insert hole_tees for Sheep Ranch (all tee boxes for each hole)
INSERT INTO public.hole_tees (hole_id, tee_id, yardage)
SELECT h.id, '22222222-2222-2222-2222-222222222223', 
  CASE h.hole_number 
    WHEN 1 THEN 553 WHEN 2 THEN 130 WHEN 3 THEN 435 WHEN 4 THEN 445 WHEN 5 THEN 377
    WHEN 6 THEN 133 WHEN 7 THEN 453 WHEN 8 THEN 363 WHEN 9 THEN 597 WHEN 10 THEN 426
    WHEN 11 THEN 411 WHEN 12 THEN 318 WHEN 13 THEN 577 WHEN 14 THEN 260 WHEN 15 THEN 397
    WHEN 16 THEN 325 WHEN 17 THEN 262 WHEN 18 THEN 518
  END
FROM public.holes h
WHERE h.course_id = '22222222-2222-2222-2222-222222222222';

INSERT INTO public.hole_tees (hole_id, tee_id, yardage)
SELECT h.id, '22222222-2222-2222-2222-222222222224', 
  CASE h.hole_number 
    WHEN 1 THEN 510 WHEN 2 THEN 122 WHEN 3 THEN 425 WHEN 4 THEN 417 WHEN 5 THEN 361
    WHEN 6 THEN 126 WHEN 7 THEN 433 WHEN 8 THEN 342 WHEN 9 THEN 573 WHEN 10 THEN 405
    WHEN 11 THEN 383 WHEN 12 THEN 308 WHEN 13 THEN 553 WHEN 14 THEN 248 WHEN 15 THEN 373
    WHEN 16 THEN 317 WHEN 17 THEN 250 WHEN 18 THEN 500
  END
FROM public.holes h
WHERE h.course_id = '22222222-2222-2222-2222-222222222222';

INSERT INTO public.hole_tees (hole_id, tee_id, yardage)
SELECT h.id, '22222222-2222-2222-2222-222222222225', 
  CASE h.hole_number 
    WHEN 1 THEN 476 WHEN 2 THEN 115 WHEN 3 THEN 405 WHEN 4 THEN 400 WHEN 5 THEN 348
    WHEN 6 THEN 122 WHEN 7 THEN 417 WHEN 8 THEN 333 WHEN 9 THEN 542 WHEN 10 THEN 384
    WHEN 11 THEN 362 WHEN 12 THEN 292 WHEN 13 THEN 530 WHEN 14 THEN 236 WHEN 15 THEN 361
    WHEN 16 THEN 309 WHEN 17 THEN 237 WHEN 18 THEN 485
  END
FROM public.holes h
WHERE h.course_id = '22222222-2222-2222-2222-222222222222';